Id,Designator,Footprint,Quantity,Designation,LCSC Part Number
1,"R8,R10,R9,R6,R7",R_0805_2012Metric,5,330R,C17630
2,C3,C_0805_2012Metric,1,220nF,C5378
3,U2,Heltec_LoRa_WiFi_V3_SMD,1,~,
4,J3,JST_GH_SM02B-GHS-TB_1x02-1MP_P1.25mm_Horizontal,1,JST_GH_1.25mm (C7433453),C7433453
5,"H2,H3,H1,H4",MountingHole_3.2mm_M3,4,MountingHole,
6,"J6,J4,J7",PinHeader_1x18_P2.54mm_Vertical,3,Conn_01x18_MountingPin,
7,D2,LED_0805_2012Metric,1,CN3791_CHRG_LED,C693903
8,D6,LED_0805_2012Metric,1,Heltec_3v3_LED,C693906
9,R3,R_0805_2012Metric,1,2K,C17604
10,D4,LED_0805_2012Metric,1,Heltec_GPIO46_LED,C693905
11,R5,R_2512_6332Metric,1,0.05R (C2903475),C2903475
12,D1,LED_0805_2012Metric,1,CN371_DONE_LED,C693904
13,D5,LED_0805_2012Metric,1,Heltec_GPIO_45_LED,C693905
14,C2,C_0805_2012Metric,1,100nF  (C38141),C49678
15,"J1,J2",JST_XH_B2B-XH-AM_1x02_P2.50mm_Vertical,2,JST_XH_2.50mm (C158014),C158014
16,L1,L_Sunlord_MWSA0603S,1,10uH (C132141),C132141
17,J5,PinHeader_1x06_P2.54mm_Vertical,1,JTAG,
18,R4,R_0805_2012Metric,1,120R,C17437
19,D3,D_SMA,1,D_Schottky,C22452
20,R2,R_0805_2012Metric,1,22K,C17560
21,R11,R_0805_2012Metric,1,0R,C17477
22,U1,SSOP-10-1MM,1,CN3791 (C154992),C154992
23,C5,C_0805_2012Metric,1,4.7uF (C1779),C1779
24,C4,CP_EIA-3216-18_Kemet-A,1,10uF (C7171),C7171
25,C1,CP_Elec_6.3x7.7,1,47uF (C305369),C305369
26,D8,LED_0805_2012Metric,1,Heltec_LED_White,C693902
27,D7,LED_0805_2012Metric,1,Heltec_GPIO47_LED,C693905
28,R1,R_0805_2012Metric,1,178K,C273815
29,Q1,SOT-23,1,SI2305 (C2926136),C2926136
