Designator,Val,Package,MidX,MidY,Rotation,Side
C1,47uF (C305369),CP_Elec_6.3x7.7,122.9,-118.3,-90,top
C2,100nF  (C38141),C_0805_2012Metric,145.5375,-119.055393,-90,top
C3,220nF,C_0805_2012Metric,150.3,-121.5,-90,top
C4,10uF (C7171),CP_EIA-3216-18_Kemet-A,136.8,-122.3,0,top
C5,4.7uF (C1779),C_0805_2012Metric,136.35,-120.2,0,top
D1,CN371_DONE_LED,LED_0805_2012Metric,173,-129.0625,-90,top
D2,CN3791_CHRG_LED,LED_0805_2012Metric,173,-132.9375,-90,top
D3,D_Schottky,D_SMA,145.3,-132.9,0,top
D4,Heltec_GPIO46_LED,LED_0805_2012Metric,173,-120.9375,-90,top
D5,Heltec_GPIO_45_LED,LED_0805_2012Metric,173,-125.0625,-90,top
D6,Heltec_3v3_LED,LED_0805_2012Metric,173,-109.0625,-90,top
D7,Heltec_GPIO47_LED,LED_0805_2012Metric,173,-116.9375,-90,top
D8,Heltec_LED_White,LED_0805_2012Metric,173,-113,-90,top
J1,JST_XH_2.50mm (C158014),JST_XH_B2B-XH-AM_1x02_P2.50mm_Vertical,131.05,-115.65,-90,top
J2,JST_XH_2.50mm (C158014),JST_XH_B2B-XH-AM_1x02_P2.50mm_Vertical,110,-61,-90,top
J3,JST_GH_1.25mm (C7433453),JST_GH_SM02B-GHS-TB_1x02-1MP_P1.25mm_Horizontal,168.475,-67.545,0,top
J4,Conn_01x18_MountingPin,PinHeader_1x18_P2.54mm_Vertical,160.03,-100.795,-90,top
J5,JTAG,PinHeader_1x06_P2.54mm_Vertical,147.33,-108.7,-90,top
J6,Conn_01x18_MountingPin,PinHeader_1x18_P2.54mm_Vertical,160.08,-64,-90,top
J7,Conn_01x18_MountingPin,PinHeader_1x18_P2.54mm_Vertical,160.08,-87,-90,top
L1,10uH (C132141),L_Sunlord_MWSA0603S,127.2,-129.875,90,top
Q1,SI2305 (C2926136),SOT-23,139.33125,-132,-90,top
R1,178K,R_0805_2012Metric,140.3,-117.2,-90,top
R2,22K,R_0805_2012Metric,136.6,-118.1,180,top
R3,2K,R_0805_2012Metric,169.9,-133.9,180,top
R4,120R,R_0805_2012Metric,148.1,-121.5,-90,top
R5,0.05R (C2903475),R_2512_6332Metric,135.6,-127.4625,90,top
R6,330R,R_0805_2012Metric,170,-120,0,top
R7,330R,R_0805_2012Metric,170,-124,0,top
R8,330R,R_0805_2012Metric,169.9125,-108,0,top
R9,330R,R_0805_2012Metric,170.0875,-116,0,top
R10,330R,R_0805_2012Metric,170,-112,0,top
R11,0R,R_0805_2012Metric,161,-104,0,top
U1,CN3791 (C154992),SSOP-10-1MM,142.83125,-125.511643,180,top
U2,~,Heltec_LoRa_WiFi_V3_SMD,138.49,-81.895,90,top
